,tag
0,
1,data analyst
2,data analyst job
3,data analyst career
4,data analytics
5,alex the analyst
6,livestream
7,how to become a data analyst
8,data analyst with no experience
9,data analyst with no degree
10,data analyst salary
11,data analyst salary negotation
12,salary negotiation
13,how to negotiate salary
14,100k livestream
15,alex the analyst 100k
16,data analyst industries
17,data science industries
18,best data analyst industries
19,best data science industries
20,data industries
21,best data industries
22,sql aliasing
23,aliasing in sql
24,data analyst sql
25,sql basics
26,basics of sql
27,sql for beginners
28,sql basics for beginners
29,sql for data analysts
30,sql tutorial
31,sql tutorial for beginnners
32,sql for data analyst
33,sql beginner tutorial
34,sql server management studio
35,sql server management studio tutorial
36,sql create table
37,sql create table tutorial
38,sql insert into
39,sql insert into tutorial
40,sql basics for data analysts
41,data analyst salary 2020
42,data analyst fact check
43,data analyst fact checking
44,the career force
45,data analyst the career force
46,data analyst jobs
47,working with a recruiter
48,working with a linkedin recruiter
49,using recruiter to get job
50,how to work with a recruiter
51,data analyst recruiter
52,data analyst skills
53,linkedin recruiter
54,live stream
55,250k subscriber live stream
56,data analyst bootcamp
57,free data analyst bootcamp
58,data bootcamp
59,sql bootcamp
60,python bootcamp
61,excel bootcamp
62,bootcamp
63,200k livestream
64,string functions
65,sql string functions
66,string functions in sql
67,sql update
68,sql delete
69,sql update and delete
70,delete sql
71,update sql
72,update and delete in sql
73,sql updating
74,sql delete data
75,intermediate sql tutorial
76,intermediate sql
77,aws glue
78,aws glue databrew
79,glue
80,glue aws
81,glue tutorial
82,aws athena
83,athena
84,athena tutorial
85,s3
86,s3 buckets
87,s3 tutorial
88,tutorial for s3
89,s3 bucket tutorial
90,aws setup
91,aws account
92,how to setup aws
93,aws ui
94,aws ui walkthrough
95,azure
96,azure synapse
97,azure synapse analytics
98,synapse analytics tutorials
99,azure synapse tutorial
100,azure data factory
101,azure data factory tutorial
102,azure sql databases
103,sql databases in azure
104,azure storage accounts
105,azure storage
106,azure storing data
107,azure setup
108,azure ui
109,azure walkthrough
110,shiny project
111,shiny full project
112,shiny tutorial
113,shiny
114,shiny components
115,shiny layouts
116,shiny tutorials
117,shiny for python
118,python shiny
119,shiny for python setup
120,shiny setup
121,economy
122,economic data
123,how is the economy doing
124,economy data
125,data about economy
126,will economy get better
127,will economy get worse
128,excel
129,microsoft excel
130,functions in excel
131,analyst builder
132,analyst builder questions
133,analyst builder courses
134,sql technical interview questions
135,sql interview questions
136,sql questions
137,hard sql interview questions
138,easy sql interview questions
139,medium sql interview questions
140,interview questions
141,technical interview questions
142,technical interview practice
143,sql technical interview practice website
144,website to practice for technical interviews
145,become a data analyst
146,what is a data analyst
147,python
148,python regular expression
149,regular expression
150,regular expression use cases
151,regular expression character classes
152,regular expression metacharacters
153,regular expression methods
154,python web scraping
155,how to web scrape
156,web scraping in python
157,web scraping with python
158,find and find_all
159,beautifulsoup
160,requests
161,beautifulsoup and requests
162,pandas
163,pandas python
164,python pandas
165,pandas tutorial
166,eda in python
167,eda in pandas
168,pandas eda
169,eda pandas
170,exploratory data analysis
171,exploratory data analysis in pandas
172,pandas tutorials
173,data cleaning
174,data cleaning in pandas
175,data cleaning in python
176,how to clean data
177,pandas data cleaning
178,ai analytics
179,analytics in ai
180,google bard
181,bard
182,bard ai
183,bard google
184,bard chatbot
185,google chatbot
186,google i/o conference
187,google io
188,google i/o
189,google conference
190,google developer conference
191,chatgpt vs bard
192,bard vs chatgpt
193,chatgpt
194,chatgpt competitors
195,visualizations in pandas
196,charts in pandas
197,pandas visualization
198,pandas merge
199,merge pandas
200,join pandas
201,join in pandas
202,concatenate in pandas
203,concatenate pandas
204,jupyter notebooks
205,add chatgpt
206,chatgpt in jupyter notebooks
207,google certifications
208,google business certification
209,google business intelligence certification on course
210,coursera google certification
211,google certification
212,google data analyst
213,google data analyst certification
214,google advanced data analyst
215,google advanced data analytics
216,google advanced data analytics certification
217,google advanced data analytics certification review
218,pandas group by
219,group by in pandas
220,aggregating in pandas
221,agg pandas
222,pandas agg
223,pangas group_by
224,groupby pandas
225,pandas groupby
226,python pandas tutorial
227,coding
228,index in pandas
229,pandas index
230,index pandas
231,how to use indexes in pandas
232,data analyst resume
233,creating a resume
234,resume
235,resume for data analysis
236,resume for data analysts
237,how to create a resume
238,how to create a data analyst resume
239,resume for analysts
240,filtering pandas
241,ordering pandas
242,how to filter in pandas
243,how to order in pandas
244,pandas order by
245,pandas filter
246,pandas loc
247,pandas iloc
248,reading in files
249,python read in files
250,pandas read in file
251,python project
252,python project for beginners
253,chat gpt
254,chatgpt for data analysis
255,data analyst using chatgpt
256,chatgpt 3.5
257,chatgpt for data analysts
258,data analyst chatgpt
259,chatgpt data analyst
260,data analytics bootcamp
261,become a data nalyst
262,free bootcamp
263,free data bootcamp
264,data analyst 2023
265,data analyst guide
266,guide to become a data analyst
267,diy data analyst curriculum using udemy
268,udemy courses
269,best udemy courses
270,data analyst udemy
271,build your own courses on udemy
272,udemy
273,maven analytics
274,maven analytics data analyst
275,maven analytics showcase
276,maven analytics portfolio
277,maven analytics portfolio website
278,portfolio on maven analytics
279,coursera
280,data analyst courses
281,best coursera courses
282,diy data analyst curriculum coursera
283,cousera data analyst
284,bmi calculator
285,python calculator
286,python bmi calculator
287,how to create a bmi calculator in python
288,how to create a bmi calculator
289,reading files in python
290,working with files in python
291,appending files in python
292,writing to files in python
293,python files
294,quitting my job
295,why i quit my job
296,why i quit
297,quitting my analytics job
298,why i quit my analytics job
299,why i left
300,why i left my job
301,why i left my analytics job
302,data types in python
303,converting data types in python
304,converting data types
305,python converting data types
306,functions
307,functions in python
308,how to use functions in python
309,python functions
310,while loops in python
311,python while loops
312,while loops
313,while loop in python
314,how to use a while loop
315,how to use a while loop in python
316,for loops in python
317,for loops
318,how to use for loops
319,how to use for loops in python
320,python for loops
321,for loop
322,for loop in python
323,if statements in python
324,if else statements in python
325,if/else statements in python
326,python if else statements
327,if else statements
328,if/else statements
329,if/else python
330,python if/else
331,operators in python
332,logical operators in python
333,python operators
334,membership operators in python
335,comparison operators in python
336,python logical operators
337,python membership operators
338,python comparison operators
339,python for beginners
340,data types
341,python data types
342,types of data in python
343,python variables
344,variables in python
345,how to use variables
346,how to use variables in python
347,variables
348,how to install jupyter notebooks
349,how to install anaconda
350,how to use python
351,tina huang
352,tina huang youtube
353,tina huang interview
354,interviewing tina huang
355,luke barrouse
356,luke barrouse data
357,luke barousse data analyst
358,luke barrouse interview
359,interviewing luke barousse
360,working with friends
361,when best friends work together
362,full project in power bi
363,power bi project
364,full power bi project
365,real project in power bi
366,power bi real project
367,power bi
368,power bi tutorial
369,how to use power bi
370,power bi guided project
371,guided project in power bi
372,power bi visualization
373,power bi visualizations
374,different visualizations in power bi
375,popular visualizations in power bi
376,portfolio projects
377,portfolio projects for data analysts
378,data analyst portfolio projects
379,data science portfolio project
380,coursera guided projects
381,coursera portfolio projects
382,bins and lists
383,power bi bins
384,power bi lists
385,how to use bins
386,how to use bins in power bi
387,how to use lists in power bi
388,power bi bins and lists
389,conditional formatting
390,conditional formatting in power bi
391,how to use conditional formatting in power bi
392,power bi conditional formatting
393,power bi tutorials
394,power bi tutorials for beginners
395,ken jee
396,ken jee interview
397,ken jee data science
398,ken jee youtube
399,ken jee data
400,interviewing ken jee
401,careerfoundry
402,careerfoundry review
403,careerfoundry analytics
404,careerfoundry data analytics review
405,careerfoundry data analyst bootcamp
406,careerfoundry bootcamp review
407,drill down
408,drill down in power bi
409,how to drill down
410,how to use drill down
411,how to use drill down in power bi
412,power bi drill down
413,power bi drill down to another visual
414,courses for business analysts
415,courses for financial analysts
416,courses for sports analysts
417,courses for data analysts
418,courses for analysts
419,sports analyst
420,marketing analyst
421,marketing analyst courses
422,sports analyst courses
423,financial anlyst
424,financial analyst courses
425,business analyst
426,business analyst courses
427,tutorial for power bi
428,power bi tutorial for beginners
429,beginner power bi
430,power bi beginner
431,power bi beginner tutorial
432,what is power bi
433,power bi beginner to expert
434,using dax in power bi
435,power bi dax
436,dax in power bi
437,how to use dax
438,tech layoffs
439,hiring freezes
440,tech
441,great resignation
442,the great resignation
443,power bi relationships
444,power bi modeling
445,modeling data in power bi
446,creating relationships in power bi
447,machine learning
448,machine learning python
449,machine learning specialization
450,machine learning coursera
451,machine learning course
452,best machine learning course
453,meta
454,meta marketing
455,meta marketing analytics
456,meta marketing course
457,meta marketing analytics professional certificate
458,certification by meta
459,meta certification
460,meta marketing certification
461,meta marketing analytics review
462,meta marketing analytics certification
463,foobar
464,foobar challenge
465,google hiring platform
466,secret google hiring platform
467,secret hiring platform google
468,google hiring
469,how google hires employees
470,how google hires data
471,power query
472,power query editor
473,power query editor in power bi
474,power query editor in power bi deskptop
475,how to use power query
476,how to use power query editor in power bi
477,crypto project
478,pulling data from an api
479,how to use an api
480,using api to pull data
481,crypto
482,data analyst project
483,data analyst automation
484,python automation
485,automating data pull in python
486,python automation job
487,python automation crypto
488,using an api
489,public api
490,how to use a public api
491,mysql
492,postresql
493,sql server
494,microsoft sql server
495,difference between mysql and postgresql
496,mysql vs postgresql
497,mysql vs postgresql vs sql server
498,mysql vs postgresql vs microsoft sql server
499,different types of sql
500,best type of sql
501,is mysql good
502,is postgresql good
503,best sql type
504,best version of sql
505,sql types
506,how to stop procrastinating
507,data analyst procrastination
508,stop procrastinating
509,how to be successful
510,tips to stop procrastinating
511,sql vs nosql
512,nosql
513,nosql database
514,what is nosql
515,what is sql
516,database vs data warehouse
517,database vs data lake
518,database vs data warehouse vs data lake
519,data base vs data lake vs data warehouse
520,database vs data lake vs data warehouse
521,data warehouse
522,data lake
523,what is a database
524,what is a data warehouse
525,what is a data lake
526,what is a data lake vs data warehouse
527,data warehouse vs data lake
528,how to manage time
529,how to manage work
530,working 60 hours
531,how to manage working 60 hours
532,how to manage working two jobs
533,why i hate data analytics
534,do people like being data analysts
535,data analyst cons
536,cons of being a data analyst
537,data analyst job satisfaction
538,technical interview for data analysts
539,data analyst technical interview questions
540,stratascratch
541,where to study technical interview questions
542,data analyst interview questions
543,data analyst interview
544,working remote
545,pros and cons of working remote
546,pros of working remote
547,cons of working remote
548,is working remote good
549,working remotely
550,excel tutorial
551,excel for data analysts
552,excel for data science
553,excel project
554,excel project for data analyst
555,soft skills
556,soft skills for data analyst
557,soft skills for data science
558,soft skills for data analysts
559,non-technical skills
560,non-technical skills for data science
561,non-technical skills for data analysts
562,data cleaning in excel
563,excel data cleaning
564,how to clean data in excel
565,cleaning data in excel
566,tableau
567,tableau certifications
568,tableau data analyst
569,tableau data analyst certification
570,certifications for tableau
571,certification for tableau
572,tableau in 2022
573,should i learn tableau
574,tableau in 2021
575,data analyst job title
576,data analyst alternatives
577,alternatives to data analyst
578,alternative job titles for data analysts
579,job title alternatives for data analysts
580,coursera for data analyst
581,data analyst courses on coursera
582,data analyst coursera
583,data science coursera
584,data analyst courses coursera
585,coursera courses for data analysts
586,data scientist courses
587,data science courses
588,salary for data analyst
589,salary negotiations
590,tech salary
591,analyst salary
592,excel tutorials
593,excel for data analysis
594,how to use excel
595,excel tutorials for beginners
596,excel for beginners
597,charts in excel
598,how to use charts in excel
599,excel charts
600,how i became a data analyst
601,how i became a data manager
602,how i became an analytics manager
603,analytics manager salary
604,analytics manager
605,conditional formatting in excel
606,how to use conditional formatting
607,alex the analyst live stream
608,150k live stream
609,data analyst live
610,data analyst live stream
611,how to become a data analyst in 2022
612,data analyst tutorials
613,how to get into data analytics
614,how to get an analytics job
615,analytics job
616,getting a data analyst job
617,data analytics job
618,life as a data analyst
619,xlookup
620,xlookup in excel
621,how to use xlookup
622,how to use xlookup in excel
623,xlookup tutorial
624,formulas
625,formulas in excel
626,excel formulas
627,excel formulas for beginners
628,pivot tables in excel
629,how to use a pivot table
630,how to use a pivot table in excel
631,pivot table excel
632,tableau tutorial
633,tableau tutorials
634,tableau tutorial for beginners
635,tableau tutorials for beginner
636,tableau tutorials for data analysts
637,tableau tutorials for data scientists
638,tableau basic
639,tableau basics
640,tableau projects
641,tableau joins
642,joins in tableau
643,tableau project
644,tableau portfolio project
645,projects in tableau
646,project for tableau
647,red flags
648,red flags in jobs
649,major red flags
650,red flags in data analyst jobs
651,red flags in data science jobs
652,big red flags
653,red flags in job interviews
654,truth about my job song
655,truth song
656,truth about data analytics
657,reality of data analytics
658,reality of data science
659,data science song
660,data science songs
661,song about data
662,data song
663,songs about data science
664,truth about data analyst job
665,truth about data science song
666,alteryx
667,webinar
668,alteryx webinar
669,breaking into the data analyst field
670,alteryx data analyst
671,domain knowledge
672,data science domain
673,data analyst domain
674,is domain knowledge important
675,domain knowledge to make more money
676,domain vs technical skills
677,choosing a domain
678,how to choose a domain
679,reasons not to become a data analyst
680,do not become a data analyst
681,top 5 reasons not to become a data analyst
682,reasons to not become a data analyst
683,should i become a data analyst
684,how not to become a data analyst
685,becoming a data analyst
686,how to be a data analyst
687,data analyst for beginners
688,how to get a data analyst job
689,100k subscriber
690,silver play button
691,100k subscriber play button unboxing
692,silver play button unboxing
693,100k subs alex the analyst
694,scraping data from amazon
695,web scraping with beautifulsoup
696,web scraping data analysis
697,scraping data using beautifulsoup and requests
698,interviewing at pwc
699,pwc interview
700,pwc
701,how to pass an interview at pwc
702,what is interviewing like at pwc
703,interview at pwc
704,pwc interviewing
705,new job
706,data analyst promotion
707,data analyst career path
708,working at pwc
709,pwc data analyst
710,data analyst pwc
711,data analyst interviews
712,data analyst interview mistakes
713,top interview mistakes
714,interview mistakes
715,data analyst interview preparation
716,when to start applying
717,first data analyst job
718,when to apply for a data analyst job
719,when to apply for a data analyst position
720,when to start applying to your first data analyst job
721,when to start applying for a data job
722,data analyst applying
723,applying for a data analyst job
724,stop taking courses
725,why you should stop taking courses
726,are courses bad
727,data analyst portfolio
728,data analyst portfolio website
729,data science portfolio website
730,data science portfolio
731,how to create a portfolio
732,how to create a portfolio website
733,how to create a data analyst portfolio
734,how to create a data science portfolio
735,portfolio website
736,data analyst portfolio website free
737,how to create a free website
738,portfolio project
739,data analyst portfolio project
740,analyst portfolio project
741,data scientist portfolio project
742,python portfolio project
743,pandas portfolio project
744,python programming project
745,data analyst python
746,data analyst python project
747,how to become a data analyst with no experience
748,becoming a data analyst with no experience
749,data analyst no experience
750,how to become a data analyst in 2021
751,alex the analyst wife
752,tableau courses
753,power bi courses
754,tableau vs power bi
755,best courses for data analysts
756,projects for data analysts
757,data analyst tableau
758,data cleaning in sql
759,sql for data cleaning
760,how to clean data in sql
761,how to clean data in sql server
762,data analyst data cleaning
763,data cleaning for data analysts
764,data cleaning for data analysis
765,sql portfolio project
766,sql project
767,data analyst tableau project
768,data analyst data visualizaion
769,tableau for data analysis
770,what does a data analyst do
771,how much money does a data analyst make
772,data analyst family
773,data analyst questions
774,alex the analyst family
775,alex the analyst salary
776,data analyst funny
777,data analyst projects for beginners
778,data analyst projects for resume
779,data analyst sql project
780,data analyst github
781,portfolio project for data analyst
782,data exploration project
783,project for data analyst
784,data analyst projects
785,sql project for data analyst
786,subqueries
787,sql subquery
788,sql subqueries
789,subqueries in sql
790,subquery in sql
791,advanced sql
792,data analyst questions and answers
793,data analyst q and a
794,data analyst q/a
795,data analyst ama
796,questions for data analyst
797,ibm data analyst
798,ibm data analytics
799,ibm data science
800,google data analytics
801,google professional certificate
802,ibm professional certificate
803,google vs ibm certificate
804,coursera google cert
805,coursera ibm cert
806,google vs ibm data analyst
807,google vs ibm data analytics certificate
808,ibm vs google certification
809,google vs ibm certification
810,no code analytics
811,what is no code analytics
812,bubble
813,no code analytics for data analyst
814,no code
815,no code platform
816,should i learn no code analytics
817,reaction video
818,reacting to ken jee video
819,data analyst to data scientist
820,going from data analyst to data scientist
821,how to become a data scientist
822,ken jee video
823,data science
824,vlog
825,data scientist
826,data science 2020
827,how to go from data analyst to data scientist
828,data science career
829,data analyst vs data scientist
830,data science career path
831,data analyst laptop
832,data science laptop
833,data analysis laptop
834,data scientist laptop
835,laptop for data analyst
836,laptop for data analysts
837,laptop for data scientists
838,laptops for data analysis
839,laptops for data science
840,best laptops for data analysis
841,best laptops for data analysts
842,best laptops for data science
843,best laptops for data scientists
844,best laptop
845,laptops for python
846,coursera machine learning
847,machine learning courses
848,best machine learning courses
849,best machine learning courses on coursera
850,coursera best machine learning courses
851,coursera best machine learning
852,best ml courses
853,ml courses
854,will data analysts
855,will data analysts be automated
856,automation in data analysis
857,automation of data analysts
858,data analysis automation
859,will data analysis be automated
860,stored procedures
861,sql stored procedures
862,stored procedures sql
863,how to use a stored procedure
864,what is a stored procedure
865,stored proc sql
866,stored proc
867,sql stored proc
868,google data analyst certificate
869,google data
870,data analyst google
871,google certificate
872,google certificate data
873,google certificate data analyst
874,google certification programs
875,google data analyst course
876,google data analytics certification
877,google data analytics certificate
878,google data analytics course
879,data analyst resume tips
880,data science resume
881,data science resume tips
882,data analyst resumes
883,resume for data analyst
884,statistics course
885,data analysis statistics
886,do i need to know statistics
887,statistics for data science
888,statistics for data analysis
889,statistics
890,statistics for data analytics
891,statistics course for data
892,best statistics course
893,dataquest
894,dataquest review
895,dataquest vs datacamp
896,data quest 2021
897,dataquest 2020
898,dataquest review 2020
899,dataquest review 2021
900,dataquest for free
901,dataquest for python
902,dataquest for data analysis
903,r vs python
904,python vs r
905,r for data analysis
906,r for data science
907,python for data analysis
908,python for data science
909,temp tables
910,temp tables sql
911,temporary tables sql
912,sql temp
913,sql temp tables
914,how to use temp tables
915,how to use temp tables in sql
916,ibm data analyst certificate
917,coursera ibm data analyst
918,icm data analyst coursera
919,ibm data analyst professional certificate
920,ibm certificate
921,ibm data science professional certificate
922,ibm data science certificate
923,coursera courses
924,is the ibm data analyst certificate worth it
925,ibm data analyst certificate review
926,ibm data science certificate review
927,ibm data analyst review
928,datacamp
929,datacamp review
930,is data camp worth it
931,datacamp for r
932,datacamp for python
933,datacamp for sql
934,datacamp for data analysts
935,data camp for data scientists
936,datacamp for data scientists
937,datacamp for beginners
938,datacamp python for beginners
939,best python course for data analysts
940,best python course
941,best data analyst course
942,best data science course
943,best data analyst courses
944,best data science courses
945,best courses for data scientists
946,courses for python
947,udemy courses for data science
948,udemy courses for data analysts
949,python course on pandas
950,python course on numpy
951,python course on machine learning
952,python course
953,best data analyst skills
954,top data analyst skills
955,top 5 data analyst skills
956,skill for data analysts
957,skills for data analysts
958,data analyst skill set
959,data analyst skills in 2021
960,best data analyst skills in 2021
961,data analyst skills required
962,data analyst skills needed
963,skills needed to become a data analyst
964,skills to become data analyst
965,year end review
966,2020 year end review
967,alex the analyst giveaway
968,leetcode for data analysts
969,leetcode for data analyst
970,leetcode for data scientist
971,leetcode for data science
972,leetcode for interviews
973,leetcode for interview prep
974,sql leetcode
975,leetcode for sql
976,database leetcode questions
977,sql leetcode questions
978,sql leetcode problems
979,solving leetcode problems
980,solving leetcode questions sql
981,leetcode medium
982,medium level leetcode
983,udemy courses for data analyst
984,udemy courses for data scientist
985,udemy courses for data
986,udemy courses for sql
987,udemy courses for excel
988,udemy courses for free
989,udemy courses for data analysis
990,udemy courses for python
991,entry level vs senior level
992,entry level data analyst vs mid level data analyst
993,entry vs mid level
994,entry level data analyst
995,entry vs mid vs senior level
996,entry vs mid vs senior level data analyst
997,mid level data analyst
998,senior level data analyst
999,junior vs mid vs senior analyst
1000,junior vs mid vs senior level data analyst
1001,levels of being a data analyst
1002,data engineer
1003,data engineer job description
1004,data engineer salary
1005,data engineer skills
1006,data engineer vs data analyst
1007,data analyst vs data engineer
1008,data analyst job description
1009,data engineer vs
1010,data analyst vs
1011,how to find out your coworkers salary
1012,coworkers salary
1013,why you should tell your coworkers your salary
1014,find out coworkers salary
1015,how much do your peers make
1016,peers salary
1017,advanced sql tutorial
1018,cte sql
1019,cte sql server
1020,cte tutorial
1021,how to use a cte
1022,how to use a cte in sql
1023,cte in sql
1024,what is a cte
1025,how much does a data analyst make
1026,salary for data scientist
1027,data science salary
1028,data scientist salary
1029,partition by
1030,partition by sql
1031,sql partitions
1032,sql partition by
1033,partitions sql
1034,questions for data analysis
1035,data analyst position
1036,data analyst day in the life
1037,realistic jobs on linkedin
1038,data analyst jobs on linkedin
1039,data science jobs
1040,data scientist jobs
1041,data analytics jobs
1042,bad jobs on linkedin
1043,unrealistic jobs on linkedin
1044,5 years experience for entry level job
1045,crazy jobs on linkedin
1046,linkedin for jobs
1047,how to use linkedin to find a job
1048,linkedin for data analysts
1049,best way to use linkedin to land a job
1050,finding a job through linkedin
1051,how to use linkedin to land a job
1052,linkedin for job seekers
1053,linkedin for job hunting
1054,best way to use linkedin to find a job
1055,finding a job on linkedin
1056,using linkedin to land a job
1057,leetcode
1058,leetcode for interview questions
1059,analytics consulting
1060,john ariansen
1061,free lance analytics
1062,freelance data analytics
1063,freelance consulting
1064,data analytics consulting
1065,running an analytics company
1066,starting an analytics company
1067,data analyst skills path
1068,skills needed to become an analyst
1069,skills to become a data analyst
1070,top skills for an analyst
1071,data analyst skillset
1072,most important data analyst skills
1073,wife of alex the analyst
1074,relationships in tech
1075,data analyst work life balance
1076,data analyst stress level
1077,can data analysts get married
1078,data analyst bootcamps
1079,bootcamps for data analysts
1080,data science bootcamps
1081,are bootcamps worth it
1082,should i do a bootcamp
1083,should i do a data analyst bootcamp
1084,certifications
1085,data analyst certification
1086,certifications for data analysts
1087,data science certifications
1088,certifications for data scientists
1089,microsoft certification
1090,tableau certification
1091,aws certification
1092,azure certification
1093,coursera certification
1094,data scientist certification
1095,udemy certification
1096,data analyst certifications
1097,working at a startup
1098,data analyst at startup
1099,data analyst fortune 500
1100,startup vs big company
1101,startup vs fortune 500 company
1102,small vs big company
1103,working at a small vs big company
1104,working at a fortune 500 company
1105,coursera courses for data scientists
1106,coursera courses for data analysis
1107,coursera courses for data science
1108,best online courses for data analysts
1109,best online courses for data scientists
1110,data scientist coursera
1111,coursera for data science
1112,imposter syndrome
1113,imposter syndrome in tech
1114,feeling like an imposter at work
1115,data analyst imposter syndrome
1116,data science imposter syndrome
1117,data scientist imposter syndrome
1118,expectation vs reality
1119,expectation vs reality data analyst
1120,data analyst reality
1121,data analyst expectations
1122,data analyst expectation vs reality
1123,data scientist expectation vs reality
1124,data scientist reality
1125,data analyst expectations vs reality
1126,data scientist expectations vs reality
1127,covid
1128,data analyst job market
1129,data analyst covid
1130,data analyst coronavirus
1131,how covid affects tech
1132,covid and the job market
1133,job market for data analysts
1134,boot camp
1135,data analyst boot camp
1136,bootcamp vs degree
1137,self taught vs boot camp
1138,self taught data analyst
1139,self taught vs degree
1140,degree for data analyst
1141,degrees for data analyst
1142,should data analysts do bootcamps
1143,best degree for data analyst
1144,self taught vs boot camp vs degree
1145,self taught vs bootcamp vs college
1146,reason you'll be a good data analyst
1147,will i be a good data analyst
1148,should i be an analyst
1149,reasons you should become an analyst
1150,reasons you should become a data analyst
1151,reasons i should become a data analyst
1152,reason to become an analyst
1153,reason to become a data analyst
1154,is data analtyics for me
1155,is data analytics right for me
1156,switching careers to become a data analyst
1157,switch careers to data analyst
1158,how to become data analyst from different job
1159,career change to data analyst
1160,how to switch careers to become a data analyst
1161,changing careers to data analyst
1162,data analyst career change
1163,data analytics career
1164,reason why data analytics is a good career choice
1165,is data analyst a good career
1166,is data analytics for me
1167,is data analytics a good career
1168,reasons why data analyst is a good career
1169,data analyst is a good career
1170,is being a data analyst a good career
1171,is data analyst right for me
1172,is data analyst a good job
1173,hiring process
1174,hiring process from interviewers perspective
1175,the complete hiring process
1176,what is the hiring process
1177,interviewer
1178,interviewing
1179,lying on your resume
1180,reasons to lie on a resume
1181,reasons not to lie on a resume
1182,reasons to lie on my resume
1183,should i lie on my resume
1184,should i lie on a resume
1185,resumes for data analysts
1186,lie on resume
1187,career path
1188,path to be come data analyst
1189,path to become a data analyst
1190,career path for data analyst
1191,what do data analysts actually do
1192,what do data analysts do
1193,what does a data analyst actually do
1194,data analyst qualifications
1195,data analyst overview
1196,what a data analyst does
1197,data analyst cleaning data
1198,data analyst visualization
1199,data analyst coaching
1200,data analyst q&a
1201,data analyst question and answer
1202,twitterscraper
1203,scraping data from websites using python
1204,web scraping python
1205,scraping data off twitter
1206,twitter python
1207,python project for data analysts
1208,data analyst web scraping
1209,data analyst nlp
1210,web scraping for data analysts
1211,how to scrape data from twitter using python
1212,how to scrape data from twitter
1213,twitterscraper python
1214,twitterscraper tutorial
1215,data analyst data visualization
1216,data analyst for freshers
1217,business analyst job description
1218,business analyst salary
1219,business analyst career
1220,business analyst vs data analyst
1221,data analyst vs business analyst
1222,business analyst for beginners
1223,business analyst qualifications
1224,courses for data scientists
1225,python courses for data analysts
1226,sql courses for data analysts
1227,free data analyst courses
1228,best free data analyst courses
1229,data scientist vs data analyst
1230,data scientist job
1231,data scientist job description
1232,data scientist career
1233,data scientist or data analyst
1234,data analyst or data scientist
1235,data scientist for freshers
1236,data analyst live interview
1237,data analyst internship
1238,data analyst interview questions and answers
1239,data analyst interview questions for freshies
1240,data analyst interview questions for beginners
1241,data analyst phone interview
1242,data analyst in person interview
1243,sql technical questions
1244,sql interview questions and answers
1245,sql
1246,sql questions and answers
1247,sql questions for data analyst
1248,sql questions for data analysts
1249,sql questions and answers for data analysts
1250,sql interview
1251,sql interview data analyst
1252,data analyst interview questions for freshers
1253,day in the life
1254,a day in the life
1255,day in the life of a data analyst
1256,a day in the life of a data analyst
1257,fortune 500 data analyst
1258,what do data analysts do on a daily basis
1259,life of a data analyst
1260,data scientist day in the life
1261,quarantine edition
1262,data analyst quarantine
1263,quarantine
1264,working from home
1265,working from home data analyst
1266,sql having
1267,sql having statement
1268,sql having clause
1269,having sql
1270,having tutorial
1271,sql having tutorial
1272,having tutorial sql
1273,having in sql
1274,how to use having in sql
1275,how to use having clause in sql
1276,sql case statement
1277,case statement sql
1278,case statement in sql
1279,how to use a case statement in sql
1280,how to use a case statement
1281,case statement
1282,case statement for sql
1283,case statement tutorial
1284,tutorial for case statement
1285,sql union
1286,how to use a union
1287,how to use a union in sql
1288,union in sql
1289,union sql
1290,intermediate sql turorial
1291,sql join
1292,sql joins tutorial
1293,sql join tutorial
1294,how to do joins in sql
1295,sql for programmers
1296,a day in the life of a fortune 500 data analyst
1297,sql group by
1298,sql order by
1299,sql group by tutorial
1300,sql order by tutorial
1301,sql where statement
1302,sql where statement tutorial
1303,sql where
1304,sql select statement
1305,sql from statement
1306,sql select statement tutorial
1307,sql from statement tutorial
1308,complete guide to creating a data analyst resume
1309,data analyst resume templates
1310,data analyst resume examples
1311,data analyst resume guide
1312,resume to become data analyst
1313,resume for data analytics
1314,data analyst salary with no experience
1315,data analyst salary in 2020
1316,data analyst salary with no degree
1317,salary for data analyst in 2020
1318,data analyst salary america
1319,data analyst salary usa
1320,data analyst salary in usa
1321,data analyst from different career
1322,junior data analyst jobs
1323,my data analyst resume
1324,fortune 500 data analyst resume
1325,business analyst resume
1326,data analyst for beginners resume
1327,big vs small
1328,large vs small
1329,big vs small company
1330,working at a big company vs small company
1331,working at a big company
1332,working at a small company
1333,big company salary
1334,small company salary
1335,corporate at big company
1336,corporate at small company
1337,coworkers at small company
1338,coworkers at big company
1339,data analyst how to
1340,data analyst beginner
1341,data analyst salary | 100k with no experience
1342,100k with no experience
1343,big company data analyst
1344,data analyst at big company
1345,how to learn to become a data analyst
1346,top skills for data analyst
1347,top 3 skills for data analyst
1348,data analyst skills for beginner
